BEGIN TRANSACTION;
CREATE TABLE IF NOT EXISTS "IBM" (
	"Employee_ID"	TEXT,
	"Employee_Email"	TEXT,
	"IBM_Watson"	TEXT,
	"IBM_Cloud_storage"	TEXT,
	"OPen_Shift"	TEXT
);
CREATE TABLE IF NOT EXISTS "AZURE" (
	"Employee_ID"	TEXT,
	"Employee_Email"	TEXT,
	"Azure"	TEXT,
	"Data_Bricks"	TEXT,
	"Function_App"	TEXT,
	"App_Service"	TEXT,
	"Power_App"	TEXT,
	"field8"	TEXT
);
CREATE TABLE IF NOT EXISTS "GCP" (
	"Employee_ID"	TEXT,
	"Employee_Email"	TEXT,
	"Big_Query"	TEXT,
	"Analytics_Hub"	TEXT,
	"Cloud_Amount"	TEXT
);
CREATE TABLE IF NOT EXISTS "AWS" (
	"Employee_ID"	TEXT,
	"Employee_Email"	TEXT,
	"Amazon_Elastic_File_System"	TEXT,
	"Amazon_Simple_Storage_Service"	TEXT,
	"Amazon_Athen"	TEXT,
	"Amazon_Honey_Comb"	TEXT,
	"field7"	TEXT
);
CREATE TABLE IF NOT EXISTS "Employee" (
	"Employee_ID"	TEXT,
	"Employee_Email"	TEXT
);
CREATE TABLE IF NOT EXISTS "Employee1" (
	"Employee1_ID"	int,
	"Employee1_Email"	varchar(255)
);
CREATE TABLE IF NOT EXISTS "Employee2" (
	"Employee2_ID"	int,
	"Employee2_Email"	varchar(255)
);
CREATE TABLE IF NOT EXISTS "New_Employee" (
	"Employee_ID"	TEXT,
	"Employee_Email"	TEXT
);
CREATE TABLE IF NOT EXISTS "New_Employee1" (
	"Employee_ID"	TEXT,
	"Employee_Email"	TEXT
);
CREATE TABLE IF NOT EXISTS "New_AWS1" (
	"Employee_ID"	TEXT,
	"Employee_Email"	TEXT,
	"Amazon_Elastic_File_System"	TEXT,
	"Amazon_Simple_Storage_Service"	TEXT,
	"Amazon_Athen"	TEXT,
	"Amazon_Honey_Comb"	TEXT,
	"field7"	TEXT
);
CREATE TABLE IF NOT EXISTS "New_AWS2" (
	"Employee_ID"	TEXT,
	"Employee_Email"	TEXT,
	"Amazon_Elastic_File_System"	TEXT,
	"Amazon_Simple_Storage_Service"	TEXT,
	"Amazon_Athen"	TEXT,
	"Amazon_Honey_Comb"	TEXT,
	"field7"	TEXT
);
CREATE TABLE IF NOT EXISTS "New_Azure" (
	"Employee_ID"	TEXT,
	"Employee_Email"	TEXT,
	"Azure"	TEXT,
	"Data_Bricks"	TEXT,
	"Function_App"	TEXT,
	"App_Service"	TEXT,
	"Power_App"	TEXT,
	"field8"	TEXT
);
CREATE TABLE IF NOT EXISTS "New_GCP" (
	"Employee_ID"	TEXT,
	"Employee_Email"	TEXT,
	"Big_Query"	TEXT,
	"Analytics_Hub"	TEXT,
	"Cloud_Amount"	TEXT
);
CREATE TABLE IF NOT EXISTS "New_IBM" (
	"Employee_ID"	TEXT,
	"Employee_Email"	TEXT,
	"IBM_Watson"	TEXT,
	"IBM_Cloud_storage"	TEXT,
	"OPen_Shift"	TEXT
);
CREATE TABLE IF NOT EXISTS "New_IBM1" (
	"Employee1_ID"	int,
	"Employee1_Email"	varchar(255),
	"Big_Query"	,
	"Analytics_Hub"	,
	"Cloud_Amount"	
);
CREATE TABLE IF NOT EXISTS "New_IBM3" (
	"Employee1_ID"	int,
	"Employee1_Email"	varchar(255),
	"Big_Query"	,
	"Analytics_Hub"	,
	"Cloud_Amount"	
);
CREATE TABLE IF NOT EXISTS "New_IBM2" (
	"Employee1_ID"	int,
	"Employee1_Email"	varchar(255),
	"Big_Query"	,
	"Analytics_Hub"	,
	"Cloud_Amount"	
);
CREATE TABLE IF NOT EXISTS "New_IBM5" (
	"Employee1_ID"	int,
	"Employee1_Email"	varchar(255),
	"Big_Query"	,
	"Analytics_Hub"	,
	"Cloud_Amount"	
);
CREATE TABLE IF NOT EXISTS "New_IBM6" (
	"Employee1_ID"	int,
	"Employee1_Email"	varchar(255),
	"Big_Query"	,
	"Analytics_Hub"	,
	"Cloud_Amount"	
);
CREATE TABLE IF NOT EXISTS "New_IBM8" (
	"Employee1_ID"	int,
	"Employee1_Email"	varchar(255),
	"Big_Query"	,
	"Analytics_Hub"	,
	"Cloud_Amount"	
);
CREATE TABLE IF NOT EXISTS "New_IBM9" (
	"Employee1_ID"	int,
	"Employee1_Email"	varchar(255),
	"Big_Query"	,
	"Analytics_Hub"	,
	"Cloud_Amount"	
);
CREATE TABLE IF NOT EXISTS "New_Azure1" (
	"Employee1_ID"	int,
	"Employee1_Email"	varchar(255),
	"Azure"	,
	"Data_Bricks"	,
	"Function_App"	App_Service Power_App
);
CREATE TABLE IF NOT EXISTS "New_Azure3" (
	"Employee1_ID"	int,
	"Employee1_Email"	varchar(255),
	"Azure"	,
	"Data_Bricks"	,
	"Function_App"	,
	"App_Service"	,
	"Power_App"	
);
CREATE TABLE IF NOT EXISTS "New_Azure4" (
	"Employee1_ID"	int,
	"Employee1_Email"	varchar(255),
	"Azure"	,
	"Data_Bricks"	,
	"Function_App"	,
	"App_Service"	,
	"Power_App"	
);
CREATE TABLE IF NOT EXISTS "New_Aws4" (
	"Employee1_ID"	int,
	"Employee1_Email"	varchar(255),
	"Amazon_Elastic_File_System"	,
	"Amazon_Simple_Storage_Service"	,
	"Amazon_Athen"	,
	"Amazon_Honey_Comb"	
);
CREATE TABLE IF NOT EXISTS "New_GCP1" (
	"Employee1_ID"	int,
	"Employee1_Email"	varchar(255),
	"Big_Query"	,
	"Analytics_Hub"	,
	"Cloud_Amount"	
);
CREATE TABLE IF NOT EXISTS "New_IBM0" (
	"Employee1_ID"	int,
	"Employee1_Email"	varchar(255),
	"IBM_Watson"	,
	"IBM_Cloud_storage"	,
	"OPen_Shift"	
);
CREATE TABLE IF NOT EXISTS "New_Employee2" (
	"Employee1_ID"	int,
	"Employee1_Email"	varchar(255)
);
CREATE TABLE IF NOT EXISTS "New_IBM11" (
	"Employee1_ID"	int,
	"Employee1_Email"	varchar(255),
	"IBM_Watson"	,
	"IBM_Cloud_storage"	,
	"OPen_Shift"	
);
CREATE TABLE IF NOT EXISTS "New_Aws5" (
	"Employee1_ID"	int,
	"Employee1_Email"	varchar(255),
	"Amazon_Elastic_File_System"	,
	"Amazon_Simple_Storage_Service"	,
	"Amazon_Athen"	,
	"Amazon_Honey_Comb"	
);
CREATE TABLE IF NOT EXISTS "New_Azure5" (
	"Employee1_ID"	int,
	"Employee1_Email"	varchar(255),
	"Azure"	,
	"Data_Bricks"	,
	"Function_App"	,
	"App_Service"	,
	"Power_App"	
);
CREATE TABLE IF NOT EXISTS "New_Azure6" (
	"Employee1_ID"	int,
	"Employee1_Email"	varchar(255),
	"Azure"	,
	"Data_Bricks"	,
	"Function_App"	,
	"App_Service"	,
	"Power_App"	
);
INSERT INTO "IBM" ("Employee_ID","Employee_Email","IBM_Watson","IBM_Cloud_storage","OPen_Shift") VALUES ('Employee_ID','Employee_Email','IBM_Watson','IBM_Cloud_storage','Open_Shift'),
 ('1000','1000@gmail.com','TRUE','FALSE','TRUE'),
 ('1001','1001@gmail.com','FALSE','FALSE','TRUE'),
 ('1002','1002@gmail.com','TRUE','FALSE','FALSE'),
 ('1003','1003@gmail.com','FALSE','FALSE','FALSE'),
 ('1004','1004@gmail.com','TRUE','TRUE','TRUE'),
 ('1005','1005@gmail.com','FALSE','TRUE','TRUE'),
 ('1006','1006@gmail.com','FALSE','FALSE','TRUE'),
 ('1007','1007@gmail.com','TRUE','FALSE','TRUE'),
 ('1008','1008@gmail.com','TRUE','FALSE','TRUE'),
 ('1009','1009@gmail.com','TRUE','FALSE','TRUE'),
 ('1010','1010@gmail.com','FALSE','TRUE','TRUE'),
 ('1011','1011@gmail.com','FALSE','TRUE','TRUE'),
 ('1012','1012@gmail.com','TRUE','TRUE','TRUE'),
 ('1013','1013@gmail.com','TRUE','TRUE','FALSE'),
 ('1014','1014@gmail.com','TRUE','TRUE','TRUE'),
 ('1015','1015@gmail.com','TRUE','TRUE','TRUE'),
 ('1016','1016@gmail.com','TRUE','TRUE','FALSE'),
 ('1017','1017@gmail.com','FALSE','FALSE','FALSE'),
 ('1018','1018@gmail.com','TRUE','FALSE','TRUE'),
 ('1019','1019@gmail.com','FALSE','FALSE','FALSE'),
 ('1020','1020@gmail.com','TRUE','TRUE','FALSE'),
 ('1021','1021@gmail.com','FALSE','TRUE','TRUE'),
 ('1022','1022@gmail.com','FALSE','FALSE','FALSE'),
 ('1023','1023@gmail.com','TRUE','TRUE','TRUE'),
 ('1024','1024@gmail.com','FALSE','TRUE','FALSE'),
 ('1025','1025@gmail.com','TRUE','FALSE','FALSE'),
 ('1026','1026@gmail.com','TRUE','FALSE','TRUE'),
 ('1027','1027@gmail.com','FALSE','TRUE','FALSE'),
 ('1028','1028@gmail.com','TRUE','FALSE','FALSE'),
 ('1029','1029@gmail.com','FALSE','FALSE','TRUE'),
 ('1030','1030@gmail.com','TRUE','FALSE','TRUE'),
 ('1031','1031@gmail.com','FALSE','FALSE','TRUE'),
 ('1032','1032@gmail.com','FALSE','TRUE','FALSE'),
 ('1033','1033@gmail.com','FALSE','TRUE','TRUE'),
 ('1034','1034@gmail.com','TRUE','TRUE','TRUE'),
 ('1035','1035@gmail.com','FALSE','FALSE','TRUE'),
 ('1036','1036@gmail.com','FALSE','TRUE','FALSE'),
 ('1037','1037@gmail.com','TRUE','TRUE','TRUE'),
 ('1038','1038@gmail.com','FALSE','FALSE','FALSE'),
 ('1039','1039@gmail.com','TRUE','TRUE','TRUE'),
 ('1040','1040@gmail.com','TRUE','FALSE','TRUE'),
 ('1041','1041@gmail.com','FALSE','TRUE','TRUE'),
 ('1042','1042@gmail.com','TRUE','FALSE','TRUE'),
 ('1043','1043@gmail.com','FALSE','TRUE','TRUE'),
 ('1044','1044@gmail.com','FALSE','TRUE','TRUE'),
 ('1045','1045@gmail.com','FALSE','TRUE','TRUE'),
 ('1046','1046@gmail.com','FALSE','TRUE','FALSE'),
 ('1047','1047@gmail.com','FALSE','FALSE','FALSE'),
 ('1048','1048@gmail.com','FALSE','FALSE','FALSE'),
 ('1049','1049@gmail.com','FALSE','FALSE','FALSE'),
 ('1050','1050@gmail.com','FALSE','FALSE','TRUE');
INSERT INTO "AZURE" ("Employee_ID","Employee_Email","Azure","Data_Bricks","Function_App","App_Service","Power_App","field8") VALUES ('Employee_ID','Employee_Email','Azure','Data_Bricks','Function_App','App_Service','Power_App',NULL),
 ('1000','1000@gmail.com','TRUE','FALSE','FALSE','TRUE','TRUE',NULL),
 ('1001','1001@gmail.com','FALSE','TRUE','TRUE','TRUE','TRUE',NULL),
 ('1002','1002@gmail.com','TRUE','TRUE','FALSE','FALSE','FALSE',NULL),
 ('1003','1003@gmail.com','FALSE','FALSE','FALSE','TRUE','TRUE',NULL),
 ('1004','1004@gmail.com','TRUE','TRUE','TRUE','FALSE','FALSE',NULL),
 ('1005','1005@gmail.com','FALSE','TRUE','TRUE','TRUE','TRUE',NULL),
 ('1006','1006@gmail.com','FALSE','TRUE','FALSE','FALSE','FALSE',NULL),
 ('1007','1007@gmail.com','TRUE','FALSE','TRUE','FALSE','FALSE',NULL),
 ('1008','1008@gmail.com','TRUE','FALSE','FALSE','FALSE','TRUE',NULL),
 ('1009','1009@gmail.com','TRUE','TRUE','TRUE','TRUE','TRUE',NULL),
 ('1010','1010@gmail.com','FALSE','FALSE','FALSE','FALSE','TRUE',NULL),
 ('1011','1011@gmail.com','TRUE','TRUE','FALSE','FALSE','TRUE',NULL),
 ('1012','1012@gmail.com','TRUE','FALSE','TRUE','TRUE','FALSE',NULL),
 ('1013','1013@gmail.com','TRUE','FALSE','TRUE','FALSE','TRUE',NULL),
 ('1014','1014@gmail.com','TRUE','TRUE','TRUE','TRUE','FALSE',NULL),
 ('1015','1015@gmail.com','FALSE','FALSE','TRUE','TRUE','TRUE',NULL),
 ('1016','1016@gmail.com','TRUE','FALSE','FALSE','TRUE','FALSE',NULL),
 ('1017','1017@gmail.com','FALSE','TRUE','TRUE','TRUE','FALSE',NULL),
 ('1018','1018@gmail.com','TRUE','TRUE','TRUE','FALSE','TRUE',NULL),
 ('1019','1019@gmail.com','FALSE','TRUE','TRUE','FALSE','TRUE',NULL),
 ('1020','1020@gmail.com','FALSE','FALSE','TRUE','TRUE','TRUE',NULL),
 ('1021','1021@gmail.com','TRUE','TRUE','FALSE','FALSE','FALSE',NULL),
 ('1022','1022@gmail.com','TRUE','TRUE','TRUE','TRUE','FALSE',NULL),
 ('1023','1023@gmail.com','FALSE','TRUE','FALSE','FALSE','TRUE',NULL),
 ('1024','1024@gmail.com','TRUE','FALSE','TRUE','FALSE','FALSE',NULL),
 ('1025','1025@gmail.com','FALSE','TRUE','FALSE','TRUE','TRUE',NULL),
 ('1026','1026@gmail.com','TRUE','FALSE','FALSE','FALSE','FALSE',NULL),
 ('1027','1027@gmail.com','FALSE','TRUE','TRUE','FALSE','TRUE',NULL),
 ('1028','1028@gmail.com','FALSE','FALSE','TRUE','TRUE','FALSE',NULL),
 ('1029','1029@gmail.com','FALSE','FALSE','TRUE','TRUE','FALSE',NULL),
 ('1030','1030@gmail.com','TRUE','FALSE','TRUE','TRUE','FALSE',NULL),
 ('1031','1031@gmail.com','FALSE','TRUE','FALSE','FALSE','TRUE',NULL),
 ('1032','1032@gmail.com','FALSE','FALSE','TRUE','TRUE','FALSE',NULL),
 ('1033','1033@gmail.com','TRUE','FALSE','TRUE','TRUE','FALSE',NULL),
 ('1034','1034@gmail.com','FALSE','TRUE','TRUE','FALSE','TRUE',NULL),
 ('1035','1035@gmail.com','TRUE','FALSE','FALSE','TRUE','FALSE',NULL),
 ('1036','1036@gmail.com','FALSE','TRUE','TRUE','FALSE','TRUE',NULL),
 ('1037','1037@gmail.com','TRUE','TRUE','FALSE','TRUE','FALSE',NULL),
 ('1038','1038@gmail.com','FALSE','FALSE','TRUE','FALSE','FALSE',NULL),
 ('1039','1039@gmail.com','TRUE','TRUE','FALSE','FALSE','TRUE',NULL),
 ('1040','1040@gmail.com','FALSE','FALSE','FALSE','TRUE','TRUE',NULL),
 ('1041','1041@gmail.com','FALSE','TRUE','FALSE','FALSE','TRUE',NULL),
 ('1042','1042@gmail.com','TRUE','FALSE','TRUE','FALSE','TRUE',NULL),
 ('1043','1043@gmail.com','FALSE','FALSE','FALSE','TRUE','TRUE',NULL),
 ('1044','1044@gmail.com','FALSE','TRUE','FALSE','TRUE','FALSE',NULL),
 ('1045','1045@gmail.com','TRUE','TRUE','TRUE','TRUE','TRUE',NULL),
 ('1046','1046@gmail.com','TRUE','TRUE','FALSE','FALSE','FALSE',NULL),
 ('1047','1047@gmail.com','TRUE','TRUE','TRUE','TRUE','TRUE',NULL),
 ('1048','1048@gmail.com','FALSE','FALSE','TRUE','TRUE','FALSE',NULL),
 ('1049','1049@gmail.com','TRUE','TRUE','TRUE','TRUE','FALSE',NULL),
 ('1050','1050@gmail.com','TRUE','FALSE','TRUE','FALSE','TRUE',NULL);
INSERT INTO "GCP" ("Employee_ID","Employee_Email","Big_Query","Analytics_Hub","Cloud_Amount") VALUES ('Employee_ID','Employee_Email','Big_Query','Analytics_Hub','Cloud_Amount'),
 ('1000','1000@gmail.com','FALSE','FALSE','FALSE'),
 ('1001','1001@gmail.com','TRUE','TRUE','FALSE'),
 ('1002','1002@gmail.com','TRUE','TRUE','TRUE'),
 ('1003','1003@gmail.com','TRUE','TRUE','TRUE'),
 ('1004','1004@gmail.com','FALSE','FALSE','TRUE'),
 ('1005','1005@gmail.com','FALSE','FALSE','FALSE'),
 ('1006','1006@gmail.com','TRUE','FALSE','TRUE'),
 ('1007','1007@gmail.com','TRUE','FALSE','FALSE'),
 ('1008','1008@gmail.com','FALSE','FALSE','FALSE'),
 ('1009','1009@gmail.com','TRUE','TRUE','TRUE'),
 ('1010','1010@gmail.com','FALSE','FALSE','FALSE'),
 ('1011','1011@gmail.com','FALSE','TRUE','FALSE'),
 ('1012','1012@gmail.com','FALSE','TRUE','FALSE'),
 ('1013','1013@gmail.com','TRUE','TRUE','TRUE'),
 ('1014','1014@gmail.com','FALSE','TRUE','FALSE'),
 ('1015','1015@gmail.com','FALSE','FALSE','TRUE'),
 ('1016','1016@gmail.com','TRUE','FALSE','FALSE'),
 ('1017','1017@gmail.com','TRUE','TRUE','TRUE'),
 ('1018','1018@gmail.com','TRUE','TRUE','FALSE'),
 ('1019','1019@gmail.com','FALSE','FALSE','TRUE'),
 ('1020','1020@gmail.com','FALSE','TRUE','FALSE'),
 ('1021','1021@gmail.com','FALSE','FALSE','FALSE'),
 ('1022','1022@gmail.com','TRUE','TRUE','FALSE'),
 ('1023','1023@gmail.com','FALSE','FALSE','FALSE'),
 ('1024','1024@gmail.com','FALSE','FALSE','TRUE'),
 ('1025','1025@gmail.com','TRUE','TRUE','FALSE'),
 ('1026','1026@gmail.com','FALSE','TRUE','FALSE'),
 ('1027','1027@gmail.com','FALSE','FALSE','FALSE'),
 ('1028','1028@gmail.com','TRUE','FALSE','TRUE'),
 ('1029','1029@gmail.com','TRUE','TRUE','FALSE'),
 ('1030','1030@gmail.com','TRUE','TRUE','FALSE'),
 ('1031','1031@gmail.com','TRUE','FALSE','FALSE'),
 ('1032','1032@gmail.com','TRUE','TRUE','TRUE'),
 ('1033','1033@gmail.com','FALSE','FALSE','FALSE'),
 ('1034','1034@gmail.com','TRUE','TRUE','TRUE'),
 ('1035','1035@gmail.com','TRUE','FALSE','FALSE'),
 ('1036','1036@gmail.com','FALSE','FALSE','FALSE'),
 ('1037','1037@gmail.com','FALSE','TRUE','FALSE'),
 ('1038','1038@gmail.com','FALSE','TRUE','FALSE'),
 ('1039','1039@gmail.com','TRUE','FALSE','FALSE'),
 ('1040','1040@gmail.com','FALSE','TRUE','TRUE'),
 ('1041','1041@gmail.com','FALSE','TRUE','TRUE'),
 ('1042','1042@gmail.com','TRUE','FALSE','TRUE'),
 ('1043','1043@gmail.com','FALSE','TRUE','FALSE'),
 ('1044','1044@gmail.com','FALSE','FALSE','FALSE'),
 ('1045','1045@gmail.com','TRUE','TRUE','TRUE'),
 ('1046','1046@gmail.com','TRUE','FALSE','FALSE'),
 ('1047','1047@gmail.com','TRUE','FALSE','FALSE'),
 ('1048','1048@gmail.com','TRUE','FALSE','FALSE'),
 ('1049','1049@gmail.com','FALSE','TRUE','TRUE'),
 ('1050','1050@gmail.com','TRUE','TRUE','TRUE');
INSERT INTO "AWS" ("Employee_ID","Employee_Email","Amazon_Elastic_File_System","Amazon_Simple_Storage_Service","Amazon_Athen","Amazon_Honey_Comb","field7") VALUES ('Employee_ID','Employee_Email','Amazon_Elastic_File_System','Amazon_Simple_Storage_Service','Amazon_Athen','Amazon_Honey_Comb',NULL),
 ('1000','1000@gmail.com','TRUE','TRUE','FALSE','FALSE',NULL),
 ('1001','1001@gmail.com','FALSE','FALSE','TRUE','FALSE',NULL),
 ('1002','1002@gmail.com','TRUE','TRUE','TRUE','FALSE',NULL),
 ('1003','1003@gmail.com','TRUE','TRUE','FALSE','TRUE',NULL),
 ('1004','1004@gmail.com','TRUE','TRUE','TRUE','TRUE',NULL),
 ('1005','1005@gmail.com','FALSE','FALSE','FALSE','TRUE',NULL),
 ('1006','1006@gmail.com','FALSE','TRUE','TRUE','FALSE',NULL),
 ('1007','1007@gmail.com','TRUE','TRUE','TRUE','TRUE',NULL),
 ('1008','1008@gmail.com','TRUE','TRUE','FALSE','TRUE',NULL),
 ('1009','1009@gmail.com','FALSE','FALSE','FALSE','TRUE',NULL),
 ('1010','1010@gmail.com','FALSE','TRUE','FALSE','TRUE',NULL),
 ('1011','1011@gmail.com','TRUE','FALSE','FALSE','TRUE',NULL),
 ('1012','1012@gmail.com','TRUE','FALSE','FALSE','FALSE',NULL),
 ('1013','1013@gmail.com','FALSE','TRUE','FALSE','FALSE',NULL),
 ('1014','1014@gmail.com','FALSE','TRUE','FALSE','FALSE',NULL),
 ('1015','1015@gmail.com','TRUE','FALSE','FALSE','TRUE',NULL),
 ('1016','1016@gmail.com','TRUE','TRUE','FALSE','TRUE',NULL),
 ('1017','1017@gmail.com','TRUE','FALSE','TRUE','TRUE',NULL),
 ('1018','1018@gmail.com','TRUE','TRUE','FALSE','FALSE',NULL),
 ('1019','1019@gmail.com','TRUE','FALSE','TRUE','TRUE',NULL),
 ('1020','1020@gmail.com','TRUE','FALSE','FALSE','TRUE',NULL),
 ('1021','1021@gmail.com','TRUE','TRUE','TRUE','FALSE',NULL),
 ('1022','1022@gmail.com','FALSE','TRUE','FALSE','TRUE',NULL),
 ('1023','1023@gmail.com','FALSE','FALSE','TRUE','FALSE',NULL),
 ('1024','1024@gmail.com','TRUE','FALSE','FALSE','FALSE',NULL),
 ('1025','1025@gmail.com','TRUE','FALSE','FALSE','FALSE',NULL),
 ('1026','1026@gmail.com','TRUE','FALSE','FALSE','FALSE',NULL),
 ('1027','1027@gmail.com','TRUE','FALSE','TRUE','FALSE',NULL),
 ('1028','1028@gmail.com','TRUE','FALSE','FALSE','TRUE',NULL),
 ('1029','1029@gmail.com','FALSE','TRUE','TRUE','FALSE',NULL),
 ('1030','1030@gmail.com','FALSE','FALSE','TRUE','TRUE',NULL),
 ('1031','1031@gmail.com','TRUE','FALSE','TRUE','FALSE',NULL),
 ('1032','1032@gmail.com','TRUE','TRUE','FALSE','FALSE',NULL),
 ('1033','1033@gmail.com','FALSE','TRUE','TRUE','FALSE',NULL),
 ('1034','1034@gmail.com','TRUE','TRUE','TRUE','FALSE',NULL),
 ('1035','1035@gmail.com','FALSE','TRUE','FALSE','FALSE',NULL),
 ('1036','1036@gmail.com','TRUE','TRUE','FALSE','FALSE',NULL),
 ('1037','1037@gmail.com','FALSE','FALSE','TRUE','TRUE',NULL),
 ('1038','1038@gmail.com','TRUE','FALSE','TRUE','TRUE',NULL),
 ('1039','1039@gmail.com','FALSE','FALSE','TRUE','FALSE',NULL),
 ('1040','1040@gmail.com','TRUE','FALSE','FALSE','FALSE',NULL),
 ('1041','1041@gmail.com','TRUE','TRUE','FALSE','FALSE',NULL),
 ('1042','1042@gmail.com','FALSE','TRUE','TRUE','TRUE',NULL),
 ('1043','1043@gmail.com','TRUE','FALSE','TRUE','TRUE',NULL),
 ('1044','1044@gmail.com','FALSE','TRUE','TRUE','FALSE',NULL),
 ('1045','1045@gmail.com','TRUE','FALSE','TRUE','TRUE',NULL),
 ('1046','1046@gmail.com','TRUE','TRUE','FALSE','TRUE',NULL),
 ('1047','1047@gmail.com','FALSE','TRUE','FALSE','FALSE',NULL),
 ('1048','1048@gmail.com','TRUE','FALSE','FALSE','TRUE',NULL),
 ('1049','1049@gmail.com','FALSE','FALSE','TRUE','TRUE',NULL),
 ('1050','1050@gmail.com','FALSE','FALSE','TRUE','TRUE',NULL);
INSERT INTO "Employee" ("Employee_ID","Employee_Email") VALUES ('Employee_ID','Employee_Email'),
 (NULL,NULL),
 ('1000','1000@gmail.com'),
 ('1001','1001@gmail.com'),
 ('1002','1002@gmail.com'),
 ('1003','1003@gmail.com'),
 ('1004','1004@gmail.com'),
 ('1005','1005@gmail.com'),
 ('1006','1006@gmail.com'),
 ('1007','1007@gmail.com'),
 ('1008','1008@gmail.com'),
 ('1009','1009@gmail.com'),
 ('1010','1010@gmail.com'),
 ('1011','1011@gmail.com'),
 ('1012','1012@gmail.com'),
 ('1013','1013@gmail.com'),
 ('1014','1014@gmail.com'),
 ('1015','1015@gmail.com'),
 ('1016','1016@gmail.com'),
 ('1017','1017@gmail.com'),
 ('1018','1018@gmail.com'),
 ('1019','1019@gmail.com'),
 ('1020','1020@gmail.com'),
 ('1021','1021@gmail.com'),
 ('1022','1022@gmail.com'),
 ('1023','1023@gmail.com'),
 ('1024','1024@gmail.com'),
 ('1025','1025@gmail.com'),
 ('1026','1026@gmail.com'),
 ('1027','1027@gmail.com'),
 ('1028','1028@gmail.com'),
 ('1029','1029@gmail.com'),
 ('1030','1030@gmail.com'),
 ('1031','1031@gmail.com'),
 ('1032','1032@gmail.com'),
 ('1033','1033@gmail.com'),
 ('1034','1034@gmail.com'),
 ('1035','1035@gmail.com'),
 ('1036','1036@gmail.com'),
 ('1037','1037@gmail.com'),
 ('1038','1038@gmail.com'),
 ('1039','1039@gmail.com'),
 ('1040','1040@gmail.com'),
 ('1041','1041@gmail.com'),
 ('1042','1042@gmail.com'),
 ('1043','1043@gmail.com'),
 ('1044','1044@gmail.com'),
 ('1045','1045@gmail.com'),
 ('1046','1046@gmail.com'),
 ('1047','1047@gmail.com'),
 ('1048','1048@gmail.com'),
 ('1049','1049@gmail.com'),
 ('1050','1050@gmail.com'),
 ('1000','1000@gmail.com');
INSERT INTO "Employee2" ("Employee2_ID","Employee2_Email") VALUES (1000,'1000@gmail.com');
INSERT INTO "New_Employee" ("Employee_ID","Employee_Email") VALUES ('Employee_ID','Employee_Email'),
 ('1001','1001@gmail.com'),
 ('1002','1002@gmail.com'),
 ('1003','1003@gmail.com'),
 ('1004','1004@gmail.com'),
 ('1005','1005@gmail.com'),
 ('1006','1006@gmail.com'),
 ('1007','1007@gmail.com'),
 ('1008','1008@gmail.com'),
 ('1009','1009@gmail.com'),
 ('1010','1010@gmail.com'),
 ('1011','1011@gmail.com'),
 ('1012','1012@gmail.com'),
 ('1013','1013@gmail.com'),
 ('1014','1014@gmail.com'),
 ('1015','1015@gmail.com'),
 ('1016','1016@gmail.com'),
 ('1017','1017@gmail.com'),
 ('1018','1018@gmail.com'),
 ('1019','1019@gmail.com'),
 ('1020','1020@gmail.com'),
 ('1021','1021@gmail.com'),
 ('1022','1022@gmail.com'),
 ('1023','1023@gmail.com'),
 ('1024','1024@gmail.com'),
 ('1025','1025@gmail.com'),
 ('1026','1026@gmail.com'),
 ('1027','1027@gmail.com'),
 ('1028','1028@gmail.com'),
 ('1029','1029@gmail.com'),
 ('1030','1030@gmail.com'),
 ('1031','1031@gmail.com'),
 ('1032','1032@gmail.com'),
 ('1033','1033@gmail.com'),
 ('1034','1034@gmail.com'),
 ('1035','1035@gmail.com'),
 ('1036','1036@gmail.com'),
 ('1037','1037@gmail.com'),
 ('1038','1038@gmail.com'),
 ('1039','1039@gmail.com'),
 ('1040','1040@gmail.com'),
 ('1041','1041@gmail.com'),
 ('1042','1042@gmail.com'),
 ('1043','1043@gmail.com'),
 ('1044','1044@gmail.com'),
 ('1045','1045@gmail.com'),
 ('1046','1046@gmail.com'),
 ('1047','1047@gmail.com'),
 ('1048','1048@gmail.com'),
 ('1049','1049@gmail.com'),
 ('1050','1050@gmail.com');
INSERT INTO "New_Employee1" ("Employee_ID","Employee_Email") VALUES ('Employee_ID','Employee_Email'),
 ('1001','1001@gmail.com'),
 ('1002','1002@gmail.com'),
 ('1003','1003@gmail.com'),
 ('1004','1004@gmail.com'),
 ('1005','1005@gmail.com'),
 ('1006','1006@gmail.com'),
 ('1007','1007@gmail.com'),
 ('1008','1008@gmail.com'),
 ('1009','1009@gmail.com'),
 ('1010','1010@gmail.com'),
 ('1011','1011@gmail.com'),
 ('1012','1012@gmail.com'),
 ('1013','1013@gmail.com'),
 ('1014','1014@gmail.com'),
 ('1015','1015@gmail.com'),
 ('1016','1016@gmail.com'),
 ('1017','1017@gmail.com'),
 ('1018','1018@gmail.com'),
 ('1019','1019@gmail.com'),
 ('1020','1020@gmail.com'),
 ('1021','1021@gmail.com'),
 ('1022','1022@gmail.com'),
 ('1023','1023@gmail.com'),
 ('1024','1024@gmail.com'),
 ('1025','1025@gmail.com'),
 ('1026','1026@gmail.com'),
 ('1027','1027@gmail.com'),
 ('1028','1028@gmail.com'),
 ('1029','1029@gmail.com'),
 ('1030','1030@gmail.com'),
 ('1031','1031@gmail.com'),
 ('1032','1032@gmail.com'),
 ('1033','1033@gmail.com'),
 ('1034','1034@gmail.com'),
 ('1035','1035@gmail.com'),
 ('1036','1036@gmail.com'),
 ('1037','1037@gmail.com'),
 ('1038','1038@gmail.com'),
 ('1039','1039@gmail.com'),
 ('1040','1040@gmail.com'),
 ('1041','1041@gmail.com'),
 ('1042','1042@gmail.com'),
 ('1043','1043@gmail.com'),
 ('1044','1044@gmail.com'),
 ('1045','1045@gmail.com'),
 ('1046','1046@gmail.com'),
 ('1047','1047@gmail.com'),
 ('1048','1048@gmail.com'),
 ('1049','1049@gmail.com'),
 ('1050','1050@gmail.com');
INSERT INTO "New_AWS1" ("Employee_ID","Employee_Email","Amazon_Elastic_File_System","Amazon_Simple_Storage_Service","Amazon_Athen","Amazon_Honey_Comb","field7") VALUES ('Employee_ID','Employee_Email','Amazon_Elastic_File_System','Amazon_Simple_Storage_Service','Amazon_Athen','Amazon_Honey_Comb',NULL),
 ('1001','1001@gmail.com','FALSE','FALSE','TRUE','FALSE',NULL),
 ('1002','1002@gmail.com','TRUE','TRUE','TRUE','FALSE',NULL),
 ('1003','1003@gmail.com','TRUE','TRUE','FALSE','TRUE',NULL),
 ('1004','1004@gmail.com','TRUE','TRUE','TRUE','TRUE',NULL),
 ('1005','1005@gmail.com','FALSE','FALSE','FALSE','TRUE',NULL),
 ('1006','1006@gmail.com','FALSE','TRUE','TRUE','FALSE',NULL),
 ('1007','1007@gmail.com','TRUE','TRUE','TRUE','TRUE',NULL),
 ('1008','1008@gmail.com','TRUE','TRUE','FALSE','TRUE',NULL),
 ('1009','1009@gmail.com','FALSE','FALSE','FALSE','TRUE',NULL),
 ('1010','1010@gmail.com','FALSE','TRUE','FALSE','TRUE',NULL),
 ('1011','1011@gmail.com','TRUE','FALSE','FALSE','TRUE',NULL),
 ('1012','1012@gmail.com','TRUE','FALSE','FALSE','FALSE',NULL),
 ('1013','1013@gmail.com','FALSE','TRUE','FALSE','FALSE',NULL),
 ('1014','1014@gmail.com','FALSE','TRUE','FALSE','FALSE',NULL),
 ('1015','1015@gmail.com','TRUE','FALSE','FALSE','TRUE',NULL),
 ('1016','1016@gmail.com','TRUE','TRUE','FALSE','TRUE',NULL),
 ('1017','1017@gmail.com','TRUE','FALSE','TRUE','TRUE',NULL),
 ('1018','1018@gmail.com','TRUE','TRUE','FALSE','FALSE',NULL),
 ('1019','1019@gmail.com','TRUE','FALSE','TRUE','TRUE',NULL),
 ('1020','1020@gmail.com','TRUE','FALSE','FALSE','TRUE',NULL),
 ('1021','1021@gmail.com','TRUE','TRUE','TRUE','FALSE',NULL),
 ('1022','1022@gmail.com','FALSE','TRUE','FALSE','TRUE',NULL),
 ('1023','1023@gmail.com','FALSE','FALSE','TRUE','FALSE',NULL),
 ('1024','1024@gmail.com','TRUE','FALSE','FALSE','FALSE',NULL),
 ('1025','1025@gmail.com','TRUE','FALSE','FALSE','FALSE',NULL),
 ('1026','1026@gmail.com','TRUE','FALSE','FALSE','FALSE',NULL),
 ('1027','1027@gmail.com','TRUE','FALSE','TRUE','FALSE',NULL),
 ('1028','1028@gmail.com','TRUE','FALSE','FALSE','TRUE',NULL),
 ('1029','1029@gmail.com','FALSE','TRUE','TRUE','FALSE',NULL),
 ('1030','1030@gmail.com','FALSE','FALSE','TRUE','TRUE',NULL),
 ('1031','1031@gmail.com','TRUE','FALSE','TRUE','FALSE',NULL),
 ('1032','1032@gmail.com','TRUE','TRUE','FALSE','FALSE',NULL),
 ('1033','1033@gmail.com','FALSE','TRUE','TRUE','FALSE',NULL),
 ('1034','1034@gmail.com','TRUE','TRUE','TRUE','FALSE',NULL),
 ('1035','1035@gmail.com','FALSE','TRUE','FALSE','FALSE',NULL),
 ('1036','1036@gmail.com','TRUE','TRUE','FALSE','FALSE',NULL),
 ('1037','1037@gmail.com','FALSE','FALSE','TRUE','TRUE',NULL),
 ('1038','1038@gmail.com','TRUE','FALSE','TRUE','TRUE',NULL),
 ('1039','1039@gmail.com','FALSE','FALSE','TRUE','FALSE',NULL),
 ('1040','1040@gmail.com','TRUE','FALSE','FALSE','FALSE',NULL),
 ('1041','1041@gmail.com','TRUE','TRUE','FALSE','FALSE',NULL),
 ('1042','1042@gmail.com','FALSE','TRUE','TRUE','TRUE',NULL),
 ('1043','1043@gmail.com','TRUE','FALSE','TRUE','TRUE',NULL),
 ('1044','1044@gmail.com','FALSE','TRUE','TRUE','FALSE',NULL),
 ('1045','1045@gmail.com','TRUE','FALSE','TRUE','TRUE',NULL),
 ('1046','1046@gmail.com','TRUE','TRUE','FALSE','TRUE',NULL),
 ('1047','1047@gmail.com','FALSE','TRUE','FALSE','FALSE',NULL),
 ('1048','1048@gmail.com','TRUE','FALSE','FALSE','TRUE',NULL),
 ('1049','1049@gmail.com','FALSE','FALSE','TRUE','TRUE',NULL),
 ('1050','1050@gmail.com','FALSE','FALSE','TRUE','TRUE',NULL);
INSERT INTO "New_AWS2" ("Employee_ID","Employee_Email","Amazon_Elastic_File_System","Amazon_Simple_Storage_Service","Amazon_Athen","Amazon_Honey_Comb","field7") VALUES ('Employee_ID','Employee_Email','Amazon_Elastic_File_System','Amazon_Simple_Storage_Service','Amazon_Athen','Amazon_Honey_Comb',NULL),
 ('1001','1001@gmail.com','FALSE','FALSE','TRUE','FALSE',NULL),
 ('1002','1002@gmail.com','TRUE','TRUE','TRUE','FALSE',NULL),
 ('1003','1003@gmail.com','TRUE','TRUE','FALSE','TRUE',NULL),
 ('1004','1004@gmail.com','TRUE','TRUE','TRUE','TRUE',NULL),
 ('1005','1005@gmail.com','FALSE','FALSE','FALSE','TRUE',NULL),
 ('1006','1006@gmail.com','FALSE','TRUE','TRUE','FALSE',NULL),
 ('1007','1007@gmail.com','TRUE','TRUE','TRUE','TRUE',NULL),
 ('1008','1008@gmail.com','TRUE','TRUE','FALSE','TRUE',NULL),
 ('1009','1009@gmail.com','FALSE','FALSE','FALSE','TRUE',NULL),
 ('1010','1010@gmail.com','FALSE','TRUE','FALSE','TRUE',NULL),
 ('1011','1011@gmail.com','TRUE','FALSE','FALSE','TRUE',NULL),
 ('1012','1012@gmail.com','TRUE','FALSE','FALSE','FALSE',NULL),
 ('1013','1013@gmail.com','FALSE','TRUE','FALSE','FALSE',NULL),
 ('1014','1014@gmail.com','FALSE','TRUE','FALSE','FALSE',NULL),
 ('1015','1015@gmail.com','TRUE','FALSE','FALSE','TRUE',NULL),
 ('1016','1016@gmail.com','TRUE','TRUE','FALSE','TRUE',NULL),
 ('1017','1017@gmail.com','TRUE','FALSE','TRUE','TRUE',NULL),
 ('1018','1018@gmail.com','TRUE','TRUE','FALSE','FALSE',NULL),
 ('1019','1019@gmail.com','TRUE','FALSE','TRUE','TRUE',NULL),
 ('1020','1020@gmail.com','TRUE','FALSE','FALSE','TRUE',NULL),
 ('1021','1021@gmail.com','TRUE','TRUE','TRUE','FALSE',NULL),
 ('1022','1022@gmail.com','FALSE','TRUE','FALSE','TRUE',NULL),
 ('1023','1023@gmail.com','FALSE','FALSE','TRUE','FALSE',NULL),
 ('1024','1024@gmail.com','TRUE','FALSE','FALSE','FALSE',NULL),
 ('1025','1025@gmail.com','TRUE','FALSE','FALSE','FALSE',NULL),
 ('1026','1026@gmail.com','TRUE','FALSE','FALSE','FALSE',NULL),
 ('1027','1027@gmail.com','TRUE','FALSE','TRUE','FALSE',NULL),
 ('1028','1028@gmail.com','TRUE','FALSE','FALSE','TRUE',NULL),
 ('1029','1029@gmail.com','FALSE','TRUE','TRUE','FALSE',NULL),
 ('1030','1030@gmail.com','FALSE','FALSE','TRUE','TRUE',NULL),
 ('1031','1031@gmail.com','TRUE','FALSE','TRUE','FALSE',NULL),
 ('1032','1032@gmail.com','TRUE','TRUE','FALSE','FALSE',NULL),
 ('1033','1033@gmail.com','FALSE','TRUE','TRUE','FALSE',NULL),
 ('1034','1034@gmail.com','TRUE','TRUE','TRUE','FALSE',NULL),
 ('1035','1035@gmail.com','FALSE','TRUE','FALSE','FALSE',NULL),
 ('1036','1036@gmail.com','TRUE','TRUE','FALSE','FALSE',NULL),
 ('1037','1037@gmail.com','FALSE','FALSE','TRUE','TRUE',NULL),
 ('1038','1038@gmail.com','TRUE','FALSE','TRUE','TRUE',NULL),
 ('1039','1039@gmail.com','FALSE','FALSE','TRUE','FALSE',NULL),
 ('1040','1040@gmail.com','TRUE','FALSE','FALSE','FALSE',NULL),
 ('1041','1041@gmail.com','TRUE','TRUE','FALSE','FALSE',NULL),
 ('1042','1042@gmail.com','FALSE','TRUE','TRUE','TRUE',NULL),
 ('1043','1043@gmail.com','TRUE','FALSE','TRUE','TRUE',NULL),
 ('1044','1044@gmail.com','FALSE','TRUE','TRUE','FALSE',NULL),
 ('1045','1045@gmail.com','TRUE','FALSE','TRUE','TRUE',NULL),
 ('1046','1046@gmail.com','TRUE','TRUE','FALSE','TRUE',NULL),
 ('1047','1047@gmail.com','FALSE','TRUE','FALSE','FALSE',NULL),
 ('1048','1048@gmail.com','TRUE','FALSE','FALSE','TRUE',NULL),
 ('1049','1049@gmail.com','FALSE','FALSE','TRUE','TRUE',NULL),
 ('1050','1050@gmail.com','FALSE','FALSE','TRUE','TRUE',NULL);
INSERT INTO "New_Azure" ("Employee_ID","Employee_Email","Azure","Data_Bricks","Function_App","App_Service","Power_App","field8") VALUES ('Employee_ID','Employee_Email','Azure','Data_Bricks','Function_App','App_Service','Power_App',NULL),
 ('1001','1001@gmail.com','FALSE','TRUE','TRUE','TRUE','TRUE',NULL),
 ('1002','1002@gmail.com','TRUE','TRUE','FALSE','FALSE','FALSE',NULL),
 ('1003','1003@gmail.com','FALSE','FALSE','FALSE','TRUE','TRUE',NULL),
 ('1004','1004@gmail.com','TRUE','TRUE','TRUE','FALSE','FALSE',NULL),
 ('1005','1005@gmail.com','FALSE','TRUE','TRUE','TRUE','TRUE',NULL),
 ('1006','1006@gmail.com','FALSE','TRUE','FALSE','FALSE','FALSE',NULL),
 ('1007','1007@gmail.com','TRUE','FALSE','TRUE','FALSE','FALSE',NULL),
 ('1008','1008@gmail.com','TRUE','FALSE','FALSE','FALSE','TRUE',NULL),
 ('1009','1009@gmail.com','TRUE','TRUE','TRUE','TRUE','TRUE',NULL),
 ('1010','1010@gmail.com','FALSE','FALSE','FALSE','FALSE','TRUE',NULL),
 ('1011','1011@gmail.com','TRUE','TRUE','FALSE','FALSE','TRUE',NULL),
 ('1012','1012@gmail.com','TRUE','FALSE','TRUE','TRUE','FALSE',NULL),
 ('1013','1013@gmail.com','TRUE','FALSE','TRUE','FALSE','TRUE',NULL),
 ('1014','1014@gmail.com','TRUE','TRUE','TRUE','TRUE','FALSE',NULL),
 ('1015','1015@gmail.com','FALSE','FALSE','TRUE','TRUE','TRUE',NULL),
 ('1016','1016@gmail.com','TRUE','FALSE','FALSE','TRUE','FALSE',NULL),
 ('1017','1017@gmail.com','FALSE','TRUE','TRUE','TRUE','FALSE',NULL),
 ('1018','1018@gmail.com','TRUE','TRUE','TRUE','FALSE','TRUE',NULL),
 ('1019','1019@gmail.com','FALSE','TRUE','TRUE','FALSE','TRUE',NULL),
 ('1020','1020@gmail.com','FALSE','FALSE','TRUE','TRUE','TRUE',NULL),
 ('1021','1021@gmail.com','TRUE','TRUE','FALSE','FALSE','FALSE',NULL),
 ('1022','1022@gmail.com','TRUE','TRUE','TRUE','TRUE','FALSE',NULL),
 ('1023','1023@gmail.com','FALSE','TRUE','FALSE','FALSE','TRUE',NULL),
 ('1024','1024@gmail.com','TRUE','FALSE','TRUE','FALSE','FALSE',NULL),
 ('1025','1025@gmail.com','FALSE','TRUE','FALSE','TRUE','TRUE',NULL),
 ('1026','1026@gmail.com','TRUE','FALSE','FALSE','FALSE','FALSE',NULL),
 ('1027','1027@gmail.com','FALSE','TRUE','TRUE','FALSE','TRUE',NULL),
 ('1028','1028@gmail.com','FALSE','FALSE','TRUE','TRUE','FALSE',NULL),
 ('1029','1029@gmail.com','FALSE','FALSE','TRUE','TRUE','FALSE',NULL),
 ('1030','1030@gmail.com','TRUE','FALSE','TRUE','TRUE','FALSE',NULL),
 ('1031','1031@gmail.com','FALSE','TRUE','FALSE','FALSE','TRUE',NULL),
 ('1032','1032@gmail.com','FALSE','FALSE','TRUE','TRUE','FALSE',NULL),
 ('1033','1033@gmail.com','TRUE','FALSE','TRUE','TRUE','FALSE',NULL),
 ('1034','1034@gmail.com','FALSE','TRUE','TRUE','FALSE','TRUE',NULL),
 ('1035','1035@gmail.com','TRUE','FALSE','FALSE','TRUE','FALSE',NULL),
 ('1036','1036@gmail.com','FALSE','TRUE','TRUE','FALSE','TRUE',NULL),
 ('1037','1037@gmail.com','TRUE','TRUE','FALSE','TRUE','FALSE',NULL),
 ('1038','1038@gmail.com','FALSE','FALSE','TRUE','FALSE','FALSE',NULL),
 ('1039','1039@gmail.com','TRUE','TRUE','FALSE','FALSE','TRUE',NULL),
 ('1040','1040@gmail.com','FALSE','FALSE','FALSE','TRUE','TRUE',NULL),
 ('1041','1041@gmail.com','FALSE','TRUE','FALSE','FALSE','TRUE',NULL),
 ('1042','1042@gmail.com','TRUE','FALSE','TRUE','FALSE','TRUE',NULL),
 ('1043','1043@gmail.com','FALSE','FALSE','FALSE','TRUE','TRUE',NULL),
 ('1044','1044@gmail.com','FALSE','TRUE','FALSE','TRUE','FALSE',NULL),
 ('1045','1045@gmail.com','TRUE','TRUE','TRUE','TRUE','TRUE',NULL),
 ('1046','1046@gmail.com','TRUE','TRUE','FALSE','FALSE','FALSE',NULL),
 ('1047','1047@gmail.com','TRUE','TRUE','TRUE','TRUE','TRUE',NULL),
 ('1048','1048@gmail.com','FALSE','FALSE','TRUE','TRUE','FALSE',NULL),
 ('1049','1049@gmail.com','TRUE','TRUE','TRUE','TRUE','FALSE',NULL),
 ('1050','1050@gmail.com','TRUE','FALSE','TRUE','FALSE','TRUE',NULL);
INSERT INTO "New_GCP" ("Employee_ID","Employee_Email","Big_Query","Analytics_Hub","Cloud_Amount") VALUES ('Employee_ID','Employee_Email','Big_Query','Analytics_Hub','Cloud_Amount'),
 ('1001','1001@gmail.com','TRUE','TRUE','FALSE'),
 ('1002','1002@gmail.com','TRUE','TRUE','TRUE'),
 ('1003','1003@gmail.com','TRUE','TRUE','TRUE'),
 ('1004','1004@gmail.com','FALSE','FALSE','TRUE'),
 ('1005','1005@gmail.com','FALSE','FALSE','FALSE'),
 ('1006','1006@gmail.com','TRUE','FALSE','TRUE'),
 ('1007','1007@gmail.com','TRUE','FALSE','FALSE'),
 ('1008','1008@gmail.com','FALSE','FALSE','FALSE'),
 ('1009','1009@gmail.com','TRUE','TRUE','TRUE'),
 ('1010','1010@gmail.com','FALSE','FALSE','FALSE'),
 ('1011','1011@gmail.com','FALSE','TRUE','FALSE'),
 ('1012','1012@gmail.com','FALSE','TRUE','FALSE'),
 ('1013','1013@gmail.com','TRUE','TRUE','TRUE'),
 ('1014','1014@gmail.com','FALSE','TRUE','FALSE'),
 ('1015','1015@gmail.com','FALSE','FALSE','TRUE'),
 ('1016','1016@gmail.com','TRUE','FALSE','FALSE'),
 ('1017','1017@gmail.com','TRUE','TRUE','TRUE'),
 ('1018','1018@gmail.com','TRUE','TRUE','FALSE'),
 ('1019','1019@gmail.com','FALSE','FALSE','TRUE'),
 ('1020','1020@gmail.com','FALSE','TRUE','FALSE'),
 ('1021','1021@gmail.com','FALSE','FALSE','FALSE'),
 ('1022','1022@gmail.com','TRUE','TRUE','FALSE'),
 ('1023','1023@gmail.com','FALSE','FALSE','FALSE'),
 ('1024','1024@gmail.com','FALSE','FALSE','TRUE'),
 ('1025','1025@gmail.com','TRUE','TRUE','FALSE'),
 ('1026','1026@gmail.com','FALSE','TRUE','FALSE'),
 ('1027','1027@gmail.com','FALSE','FALSE','FALSE'),
 ('1028','1028@gmail.com','TRUE','FALSE','TRUE'),
 ('1029','1029@gmail.com','TRUE','TRUE','FALSE'),
 ('1030','1030@gmail.com','TRUE','TRUE','FALSE'),
 ('1031','1031@gmail.com','TRUE','FALSE','FALSE'),
 ('1032','1032@gmail.com','TRUE','TRUE','TRUE'),
 ('1033','1033@gmail.com','FALSE','FALSE','FALSE'),
 ('1034','1034@gmail.com','TRUE','TRUE','TRUE'),
 ('1035','1035@gmail.com','TRUE','FALSE','FALSE'),
 ('1036','1036@gmail.com','FALSE','FALSE','FALSE'),
 ('1037','1037@gmail.com','FALSE','TRUE','FALSE'),
 ('1038','1038@gmail.com','FALSE','TRUE','FALSE'),
 ('1039','1039@gmail.com','TRUE','FALSE','FALSE'),
 ('1040','1040@gmail.com','FALSE','TRUE','TRUE'),
 ('1041','1041@gmail.com','FALSE','TRUE','TRUE'),
 ('1042','1042@gmail.com','TRUE','FALSE','TRUE'),
 ('1043','1043@gmail.com','FALSE','TRUE','FALSE'),
 ('1044','1044@gmail.com','FALSE','FALSE','FALSE'),
 ('1045','1045@gmail.com','TRUE','TRUE','TRUE'),
 ('1046','1046@gmail.com','TRUE','FALSE','FALSE'),
 ('1047','1047@gmail.com','TRUE','FALSE','FALSE'),
 ('1048','1048@gmail.com','TRUE','FALSE','FALSE'),
 ('1049','1049@gmail.com','FALSE','TRUE','TRUE'),
 ('1050','1050@gmail.com','TRUE','TRUE','TRUE');
INSERT INTO "New_IBM" ("Employee_ID","Employee_Email","IBM_Watson","IBM_Cloud_storage","OPen_Shift") VALUES ('Employee_ID','Employee_Email','IBM_Watson','IBM_Cloud_storage','Open_Shift'),
 ('1001','1001@gmail.com','FALSE','FALSE','TRUE'),
 ('1002','1002@gmail.com','TRUE','FALSE','FALSE'),
 ('1003','1003@gmail.com','FALSE','FALSE','FALSE'),
 ('1004','1004@gmail.com','TRUE','TRUE','TRUE'),
 ('1005','1005@gmail.com','FALSE','TRUE','TRUE'),
 ('1006','1006@gmail.com','FALSE','FALSE','TRUE'),
 ('1007','1007@gmail.com','TRUE','FALSE','TRUE'),
 ('1008','1008@gmail.com','TRUE','FALSE','TRUE'),
 ('1009','1009@gmail.com','TRUE','FALSE','TRUE'),
 ('1010','1010@gmail.com','FALSE','TRUE','TRUE'),
 ('1011','1011@gmail.com','FALSE','TRUE','TRUE'),
 ('1012','1012@gmail.com','TRUE','TRUE','TRUE'),
 ('1013','1013@gmail.com','TRUE','TRUE','FALSE'),
 ('1014','1014@gmail.com','TRUE','TRUE','TRUE'),
 ('1015','1015@gmail.com','TRUE','TRUE','TRUE'),
 ('1016','1016@gmail.com','TRUE','TRUE','FALSE'),
 ('1017','1017@gmail.com','FALSE','FALSE','FALSE'),
 ('1018','1018@gmail.com','TRUE','FALSE','TRUE'),
 ('1019','1019@gmail.com','FALSE','FALSE','FALSE'),
 ('1020','1020@gmail.com','TRUE','TRUE','FALSE'),
 ('1021','1021@gmail.com','FALSE','TRUE','TRUE'),
 ('1022','1022@gmail.com','FALSE','FALSE','FALSE'),
 ('1023','1023@gmail.com','TRUE','TRUE','TRUE'),
 ('1024','1024@gmail.com','FALSE','TRUE','FALSE'),
 ('1025','1025@gmail.com','TRUE','FALSE','FALSE'),
 ('1026','1026@gmail.com','TRUE','FALSE','TRUE'),
 ('1027','1027@gmail.com','FALSE','TRUE','FALSE'),
 ('1028','1028@gmail.com','TRUE','FALSE','FALSE'),
 ('1029','1029@gmail.com','FALSE','FALSE','TRUE'),
 ('1030','1030@gmail.com','TRUE','FALSE','TRUE'),
 ('1031','1031@gmail.com','FALSE','FALSE','TRUE'),
 ('1032','1032@gmail.com','FALSE','TRUE','FALSE'),
 ('1033','1033@gmail.com','FALSE','TRUE','TRUE'),
 ('1034','1034@gmail.com','TRUE','TRUE','TRUE'),
 ('1035','1035@gmail.com','FALSE','FALSE','TRUE'),
 ('1036','1036@gmail.com','FALSE','TRUE','FALSE'),
 ('1037','1037@gmail.com','TRUE','TRUE','TRUE'),
 ('1038','1038@gmail.com','FALSE','FALSE','FALSE'),
 ('1039','1039@gmail.com','TRUE','TRUE','TRUE'),
 ('1040','1040@gmail.com','TRUE','FALSE','TRUE'),
 ('1041','1041@gmail.com','FALSE','TRUE','TRUE'),
 ('1042','1042@gmail.com','TRUE','FALSE','TRUE'),
 ('1043','1043@gmail.com','FALSE','TRUE','TRUE'),
 ('1044','1044@gmail.com','FALSE','TRUE','TRUE'),
 ('1045','1045@gmail.com','FALSE','TRUE','TRUE'),
 ('1046','1046@gmail.com','FALSE','TRUE','FALSE'),
 ('1047','1047@gmail.com','FALSE','FALSE','FALSE'),
 ('1048','1048@gmail.com','FALSE','FALSE','FALSE'),
 ('1049','1049@gmail.com','FALSE','FALSE','FALSE'),
 ('1050','1050@gmail.com','FALSE','FALSE','TRUE');
INSERT INTO "New_IBM5" ("Employee1_ID","Employee1_Email","Big_Query","Analytics_Hub","Cloud_Amount") VALUES (1000,'1000@gmail.com','TRUE','FALSE','TRUE');
INSERT INTO "New_IBM9" ("Employee1_ID","Employee1_Email","Big_Query","Analytics_Hub","Cloud_Amount") VALUES (1000,'1000@gmail.com','TRUE','FALSE','TRUE');
INSERT INTO "New_Azure4" ("Employee1_ID","Employee1_Email","Azure","Data_Bricks","Function_App","App_Service","Power_App") VALUES (1000,'1000@gmail.com','TRUE','FALSE','FALSE','TRUE','TRUE');
INSERT INTO "New_Aws4" ("Employee1_ID","Employee1_Email","Amazon_Elastic_File_System","Amazon_Simple_Storage_Service","Amazon_Athen","Amazon_Honey_Comb") VALUES (1000,'1000@gmail.com','TRUE','TRUE','FALSE','FALSE');
INSERT INTO "New_GCP1" ("Employee1_ID","Employee1_Email","Big_Query","Analytics_Hub","Cloud_Amount") VALUES (1000,'1000@gmail.com','TRUE','FALSE','TRUE');
INSERT INTO "New_IBM0" ("Employee1_ID","Employee1_Email","IBM_Watson","IBM_Cloud_storage","OPen_Shift") VALUES (1000,'1000@gmail.com','TRUE','FALSE','TRUE');
INSERT INTO "New_Employee2" ("Employee1_ID","Employee1_Email") VALUES (1000,'1000@gmail.com');
INSERT INTO "New_IBM11" ("Employee1_ID","Employee1_Email","IBM_Watson","IBM_Cloud_storage","OPen_Shift") VALUES (1000,'1000@gmail.com','TRUE','FALSE','TRUE');
INSERT INTO "New_Aws5" ("Employee1_ID","Employee1_Email","Amazon_Elastic_File_System","Amazon_Simple_Storage_Service","Amazon_Athen","Amazon_Honey_Comb") VALUES (1000,'1000@gmail.com','TRUE','TRUE','FALSE','FALSE');
INSERT INTO "New_Azure6" ("Employee1_ID","Employee1_Email","Azure","Data_Bricks","Function_App","App_Service","Power_App") VALUES (1000,'1000@gmail.com','TRUE','FALSE','FALSE','TRUE','TRUE');
COMMIT;
